"-25 Damage taken of each Damage Type from Spell Hits per Bark","每层树皮使受到的各种伤害类型的法术击中伤害 -25"
"-5% to maximum Chance to Block Attack Damage","-5% 攻击伤害格挡几率上限"
"-5% to maximum Chance to Block Spell Damage","-5% 法术伤害格挡几率上限"
"(40% of Damage from Suppressed Hits and Ailments they inflict is prevented)","（被压制的击中和异常状态，其施加的伤害会被阻挡 40%）"
"(Adopt the power of the forest, gradually covering your body in bark. Getting hit by enemy attacks causes bark to be removed. You take reduced damage from physical attack hits the more bark builds up, but higher chance to evade when less covered in bark)","（汲取森林的力量，逐渐用树皮覆盖你的身体。被敌人的攻击击中会移除树皮。覆盖的树皮越多，你受到的物理攻击击中伤害越低。覆盖的树皮越少，你的闪避率越高）"
"(Adrenaline grants 100% increased Damage, 25% increased Attack, Cast and Movement Speed and 10% additional Physical Damage Reduction. You cannot gain Adrenaline if you already have it)","（肾上腺素会增加100%伤害，提高25%攻击速度、施法速度和移动速度，并且获得10%额外物理伤害减免。如果你已经有肾上腺素就不能再获得肾上腺素。）"
"(Affects Melee Strikes, including the Default Attack. Does not apply to Areas of Effect)","（影响近战打击，包括普通攻击。无法用于效果区域）"
"(Ailments are Bleeding, Ignited, Scorched, Chilled, Frozen, Brittle, Shocked, Sapped, and Poisoned)","(异常状态包括流血、点燃、冰缓、冰冻、感电、中毒、脆弱、精疲力尽和烧灼)"
"(Ailments that deal Damage are Bleeding, Ignited, and Poisoned)","(伤害类异常状态包括流血、点燃和中毒)"
"(Ailments that do not deal Damage are Scorched, Chilled, Frozen, Brittle, Shocked, and Sapped)","(非伤害类异常状态包括冰缓、冰冻、烧灼、脆弱、精疲力尽和感电)"
"(Allies on your Consecrated Ground Regenerate a percentage of their Maximum Life per second, and Curses have 50% reduced effect on them)","（友军在你产生的奉献地面上按照生命上限百分比每秒再生生命，并且他们身上的诅咒效果降低 50%）"
"(Arcane Surge grants 20% increased Cast Speed and 30% increased Mana Regeneration rate, for 4 seconds)","（秘术增强可以在 4 秒内使施法速度提高 20%，魔力恢复速度提高 30%）"
"(Auras can only grant bonuses to things they affect)","（光环只能给受影响的事物提供加成）"
"(Being Blinded causes 20% less Accuracy Rating and Evasion Rating, for 4 seconds)","（被致盲时命中和闪避在接下来 4 秒总降 20%）"
"(Being Blinded causes 20% less Accuracy Rating and Evasion Rating)","generic_buff_aura"
"(Bleeding which has been Aggravated always deals higher Damage as though the target was moving)","（恶性流血将目标视作正在移动，始终造成较高的伤害）"
"(Chill reduces Enemy Action Speed by 10%)","(冰缓敌人10%)"
"(Chill reduces Enemy Action Speed by up to 30%, depending on the amount of Cold Damage in the hit, for 2 seconds)","(取决于造成的冰霜伤害量, 冰缓能至多使敌人减速30%并持续2秒)"
"(Choose one of the three attached options)","( 请在三个选项中选择一项 )"
"(Choose one of the two attached options)","（请在两个选项中选择一项）"
"(Convergence grants 30% more Elemental Damage and lasts 4 seconds)","（汇聚使总元素伤害总增 30%，并持续 4 秒）"
"(Curses a single enemy, making them more vulnerable to Critical Strikes. Killing the cursed enemy will grant life and mana, and a power charge. You can only have one Mark at a time)","（诅咒单个敌人，使其更易受到暴击。击杀他将回复生命和魔力，并获得一个暴击球。你每次只能标记一个印记。）"
"(Debuffs you are Unaffected by can still be placed on you, but will not actually apply their effect)","(你受到的未生效的减益效果依然会被显示，但是他们不会产生效果)"
"(Dual Wielding inherently grants +20% chance to Block Attack Damage and 10% more Attack Speed)","（双持本使格挡攻击伤害几率 +20%，攻击速度总增 10%）"
"(Each instance of Gale Force lasts 4 seconds. Maximum 10 Gale Force)","（每个飓风之力都持续 4 秒。最多 10 个飓风之力）"
"(Elemental Ailments are Ignited, Scorched, Chilled, Frozen, Brittle, Shocked, and Sapped)","(被点燃、烧灼、冰缓、冰冻、脆弱、感电和精疲力尽统称为元素异常状态)"
"(Elusive initially grants 15% chance to Avoid All Damage from Hits, and 30% increased Movement Speed. The buff reduces its effect over time, removing itself at 0% effect. If you already have an Elusive buff, you cannot gain Elusive)","（灵巧最初有 15% 的几率避免所有攻击击中，并使移动速度提高 30%，该增益随时间流逝递减，降低到 0% 时移除。在已经获得灵巧的情况下，无法再次获得灵巧）"
"(Enemies you Taunt can only target you, and deal 10% less damage to anyone else. Taunt lasts for 3 seconds)","(受你嘲讽的敌人只会攻击你, 并对你以外的其他人造成额外减少 10% 的总伤害, 嘲讽持续3秒)"
"(Every Rage grants 1% more Attack Damage. Maximum Rage is 30. Lose 10 Rage per second if you have not been Hit or gained Rage in the last 2 seconds)","（每点怒火使攻击伤害总增 1%。怒火上限为 30 点。若过去 2 秒内没有被击中或获得怒火，则每秒失去 10 点怒火）"
"(Every Rage has an inherent effect of 1% more Attack Damage, and modifiers can add extra effects to Rage)","（每一点怒火的固有效果使攻击伤害总增 1%，词缀可以为怒火提供额外效果）"
"(Fanaticism grants Spells you Cast yourself 75% more Cast Speed, 75% less Cost and 75% increased Area of Effect)","（欣喜若狂使你自身施放的法术的施法速度总增 75%，魔力消耗降低 75%，效果区域扩大 75%）"
"(Freeze lowers Enemy Action Speed to zero, preventing them from acting. Duration is based on the Cold Damage of the Hit)","(冰冻将完全冻结敌人, 使其无法移动。冰冻的持续长度取决于命中时造成的冰霜伤害量)"
"(Freezes that would have a duration of 0.3 seconds or below are not inflicted)","（持续时间不超过 0.3 秒的冻结不会施加）"
"(Gain Added Spell Damage equal to the Damage of your Main Hand Weapon)","（获得等于你主手武器伤害的附加法术伤害）"
"(Hinder reduces movement speed by 30%)","(缓速使移动速度降低 30%)"
"(Hoarfrost lasts 10 seconds and can be inflicted multiple times, each refreshing the duration of existing Hoarfrost on the target. Each Hoarfost increases Freeze Duration on the target by 20%. All Hoarfrost is removed if the target is Frozen)","（白霜持续 10 秒，可以施加多次，每次都会刷新目标身上的白霜的持续时间。每层白霜使目标受到的冻结持续时间延长 20%。目标被冻结时移除所有白霜层数）"
"(Ignite deals Fire Damage over time, based on the base Fire Damage of the Skill, for 4 seconds)","(点燃会造成持续燃烧的火焰伤害, 取决于技能的基础火焰伤害, 持续4秒)"
"(Ignoring Resistances means your Damage cannot be modified in any way by any Resistance stats)","（无视抗性表示你的伤害不会被任何抗性相关的词缀以任何方式修改）"
"(Increases and Reductions to Maximum Mana also apply to Damage at 30% of their value)","（对魔力上限的增幅与减益有 30% 也套用于伤害）"
"(Intimidated enemies take 10% increased Attack Damage)","（受到威吓的敌人受到的攻击伤害会提高10%）"
"(Killing an Enemy is not Spawning a corpse)","（击败敌人不会唤起灵柩）"
"(Leeched Energy Shield is recovered over time. Multiple Leeches can occur simultaneously, up to a maximum rate)","（被偷取的能量护盾会持续恢复。可以同时进行多次偷取，次数有上限）"
"(Leeched Life is recovered over time. Multiple Leeches can occur simultaneously, up to a maximum rate)","(吸取的生命会随时间逐渐回复。多个吸取效果可以同时发生, 但有一个上限)"
"(Lucky things are rolled twice and the best result used)","(重复判断2次数值，取其中好的结果生效）"
"(Normal Monsters have 1 Power, Magic Monsters 2, Rare Monsters 10, Unique Monsters 20, and Players 5)","（普通怪物的威力为 1，魔法怪物为 2，稀有怪物为 10，传奇怪物为 20，玩家为 5）"
"(Only Damage from Hits can be Recouped, over 4 seconds following the Hit)","（仅能回收击中伤害，它在击中 4 秒内回收）"
"(Overkill Damage is any Damage from a Hit in excess of the Enemy's remaining Life)","(溢出伤害是造成的伤害超出怪物剩余生命的部分)"
"(Passive Skills that are not Notable, Masteries, Keystones, or Jewel Sockets are Small)","（小天赋指天赋树上所有非核心天赋、非专精天赋、非基石天赋，以及非珠宝插槽）"
"(Primal Aegis calls forth a protective aegis which takes elemental damage from hits for you until depleted. The aegis will be restored to its full value after a short delay if you stop taking elemental damage from hits, or if depleted)","（原能护盾会灵唤一个守护护盾，在消散前抵挡击中造成的元素伤害。该护盾在未受到元素伤害或消散一段时间后会自动回复满值）"
"(Random Shrine buffs have a base duration of 20 seconds)","（随机神龛增益效果的基础持续时间为 20 秒）"
"(Recently refers to the past 4 seconds)","( 近期内意指 4 秒内 )"
"(Rune Daggers are considered Daggers)","（符文匕首视为匕首）"
"(Scorched Enemies have their Elemental Resistances lowered by up to 30%, based on the Fire Damage of the Hit, for 4 seconds)","（基于击中的火焰伤害，使被【灼烧】的敌人元素抗性最多降低 30%，持续 4 秒）"
"(Shock increases Damage taken by 15%)","（感电使敌人受到的伤害提高 15%）"
"(Shock increases Damage taken by up to 50%, depending on the amount of Lightning Damage in the hit, for 2 seconds)","（感电能额外提高至多50%的伤害，取决于击中的闪电伤害量, 持续2秒）"
"(Summon two Triggerbots which follow you around and run towards enemies. Your Triggered Spells Trigger twice, once from each Triggerbot's location)","（召唤两个会跟随你移动的触发机器人，它们会冲向你的敌人。你的触发法术在每个触发机器人的位置各触发一次，共两次）"
"(Summons a Relic of a random element that stays near you. Depending on the element chosen, the relic minion will have an Anger, Hatred, or Wrath aura. These relics explode when they die, dealing elemental damage to enemies around them. If you already have a relic of the chosen element, its duration will be refreshed instead of summoning a new one)","（在你身旁召唤一个随机元素的遗物。根据选择的元素，遗物召唤生物会具有愤怒、憎恨或雷霆光环。遗物被击败时爆炸，对周围的敌人造成元素伤害。如果你已拥有该元素的遗物，则会刷新它的持续时间，而非召唤一个新的遗物）"
"(Summons a Sentinel of Radiance which follows you and attacks enemies in melee, while burning enemies around it and taking a portion of damage from hits for you. You can only have one Sentinel of Radiance)","（召唤一个跟随你的光辉哨兵，它会攻击近战范围内的敌人，使周围的敌人燃烧，并替你承受一定比例的击中伤害。你只能拥有一个光辉哨兵）"
"(Tailwind increases Action Speed by 8%)","（提速尾流使行动速度加快 8%）"
"(Take 1% less Damage from Hits per Fortification. Maximum 20 Fortification)","（受到的击中伤害按照每层护体效果总降 1%。最多 20 层护体）"
"(The Damage Types are Physical, Fire, Cold, Lightning, and Chaos)","( 伤害种类分为物理, 火焰, 冰霜, 闪电, 和混沌 )"
"(The effects of the ground still apply to you, allies or enemies after leaving its area)","（离开此区域，地面的效果也会附加于你、友军或敌人）"
"(These are consecutive)","(这些都是连续的)"
"(They will also not be put on cooldown if they remain Usable)","（维持可用状态时，技能不会进入冷却）"
"(This only affects the inherent loss of Rage when you haven't been Hit or gained Rage Recently)","（只影响近期内没有被击中或没有获得怒火时，怒火的固有损耗）"
"(Tinctures periodically inflict Mana Burn on you while active)","（酊剂激活时会周期性地对你造成魔力燃烧）"
"(Unbound Avatar requires 100 Unbound Fury to use and causes you to become Unbound for 10 seconds, which has no effects beyond those listed here)","（不羁化身需要 100 点不羁狂怒才能使用，使你在 10 秒内获得不羁状态，其效果皆已在此列出）"
"(Unholy Might grants 100% of Physical Damage converted to Chaos Damage and 25% chance to apply Withered on Hit)","（不洁之力使 100% 的物理伤害转化为混沌伤害，并且击中时有 25% 的几率施加死亡凋零）"
"(Unlucky things are rolled twice and the worst result used)","(重复判断2次数值，取其中不好的结果生效）"
"(Withered applies 6% increased Chaos Damage Taken, and can be inflicted up to 15 times)","（死亡凋零会使受到的混沌伤害提高 6%，最多造成 15 次)"
"(You are on Low Life if you have 50% of your Maximum Life or less)","（低血为低于生命上限 50% 以下）"
"+0.4 metres to Melee Strike Range","近战打击范围 +0.4 米"
"+1 to Maximum Endurance Charges","耐力球数量上限 +1"
"+1 to maximum Energy Shield per 8 Evasion Rating on Equipped Body Armour","装备胸甲的每 8 闪避值使能量护盾上限 +1"
"+1 to Maximum Frenzy Charges","狂怒球数量上限 +1"
"+1 to maximum number of Summoned Totems","+1 召唤图腾数量上限"
"+1 to Maximum Power Charges","总计消耗 200 点魔力后可以获得 1 个暴击球"
"+1 to Maximum Power Charges and Maximum Endurance Charges","暴击球和耐力球上限 +1"
"+10% to Critical Strike Multiplier per Nearby Enemy, up to +100%","每一个周围的敌人 +10% 攻击暴击伤害加成，最大+100%"
"+2 to Maximum Frenzy Charges","狂怒球数量上限 +2"
"+2 to maximum number of Summoned Golems","召唤魔像的数量上限 +2"
"+2 to maximum number of Summoned Mirage Archers","召唤的幻影弓手数量上限 +2"
"+3 to Maximum Fanatic Charges","狂热球数量上限 +3"
"+3 to Minimum Endurance Charges","耐力球数量下限 +3"
"+3 to Minimum Power Charges","暴击球数量下限 +3"
"+4 to Evasion Rating per 1 Maximum Energy Shield on Equipped Helmet","装备头盔的每 1 点能量护盾上限使闪避值提高 +4"
"+4 to Minimum Endurance Charges","耐力球数量下限 +4"
"+4 to Minimum Power Charges","暴击球数量下限 +4"
"+5 to Maximum Fanatic Charges","狂热球数量上限 +5"
"+50 to Strength and Intelligence","+50 力量和智慧"
"+500 to Accuracy Rating","+500 命中值"
"+60% to Chaos Resistance","+60% 混沌抗性"
"0.5% of Spell Damage Leeched as Life while you have Arcane Surge","拥有秘术增强效果时，法术伤害的 0.5% 转化为生命偷取"
"1.5% of Physical Damage prevented from Hits in the past\n10 seconds is Regenerated as Life per second","每秒再生生命，等同过去 10 秒内阻挡的击中物理伤害的 1.5%"
"1% additional Elemental Damage Reduction per Endurance Charge","每个耐力球使元素伤害额外降低 1%"
"1% additional Physical Damage Reduction per Endurance Charge","每有 1 个耐力球，便获得 1% 额外物理伤害减免"
"1% additional Physical Damage Reduction per Minion, up to 10%","每有 1 个召唤生物，便获得 1% 额外物理伤害减免，最多 10%"
"1% increased Area of Effect per 50 Unreserved Maximum Mana, up to 100%","每 50 点未保留的最大魔力使效果区域扩大 1%，最大 100%"
"1% increased Attack Speed per 150 Accuracy Rating","每 150 点命中值都使攻击速度加快 1%"
"1% increased Critical Strike Chance per point of Strength or Intelligence, whichever is lower","取力量和智慧之间的较低者，每 1 点可使暴击率提高 1%"
"1% more Damage for each different type of Mastery you have Allocated","每配置一种不同类型的专精，伤害总增 1%"
"1% of Damage Dealt by your Minions is Leeched to you as Life","召唤生物造成伤害的 1% 转化为你的生命偷取"
"10% chance to gain a Power Charge on Critical Strike","暴击时有 10% 的几率获得暴击球"
"10% chance to gain an Endurance Charge when you Stun an Enemy","当你晕眩 1 个敌人时，有 10% 的几率获得 1 个耐力球"
"10% increased Damage taken","承受伤害提高 10%"
"10% increased Effect of your Marks per maximum Power Charge","每个最大暴击球使你的印记效果提高 10%"
"10% increased Movement Speed","移动速度加快 10%"
"10% increased Stun Duration on Enemies per Endurance Charge","每个耐力球使敌人被晕眩时间延长 10%"
"10% more Accuracy Rating while wielding a Sword","装备剑类武器时，命中值总增 10%"
"10% more Area of Effect while wielding a Mace or Sceptre","装备锤或短杖时，效果范围总增 10%"
"10% more Attack Damage for each Non-Instant Spell you've Cast in the past 8 seconds, up to a maximum of 30%","你在过去 8 秒内施放的每个非立即施放法术都使攻击伤害总增 10%，最多 30%"
"10% more Critical Strike Chance while wielding a Dagger","装备斧类武器时，对低血敌人造成的击中和异常状态伤害总增 20%"
"10% more Damage if you've Killed Recently","若你近期内有击败敌人，则伤害总增 10%"
"10% more Damage taken from other Enemies near your Marked Enemy","被标记敌人的周围敌人对你造成的伤害总增 10%"
"10% of Damage from Hits is taken from your Sentinel of Radiance's Life before you","击中伤害的 10% 在你承受之前，由你的光辉哨兵的生命承受"
"10% of Damage is taken from Mana before Life","10% 的伤害优先从魔力扣除"
"10% of Leech is Instant while wielding a Claw","装备匕首时，暴击几率总增 10%"
"10% reduced Damage taken from Blinded Enemies","承受来自致盲敌人的伤害降低 10%"
"10% reduced Damage taken while Leeching","偷取时受到的伤害降低 10%"
"100% increased Elusive Effect","灵巧效果提高 100%"
"100% increased Maximum Recovery per Life Leech","从生命偷取中获得的最大总恢复量提高 100%"
"100% increased Totem Duration","图腾的持续时间延长 100%"
"100% increased Totem Placement speed","图腾放置速度增加 100%"
"100% more Elemental Damage while Unbound","不羁期间，元素伤害总增 100%"
"13% chance to gain 50% of Non-Chaos Damage with Hits as Extra Chaos Damage","有 13% 的几率获得额外混沌伤害，其数值等同于非混沌伤害的 50%"
"15% chance to gain a Power Charge on Critical Strike","暴击时有 15% 的几率获得暴击球"
"15% more Chaos Damage","总混沌伤害总增 15%"
"15% more Cold Damage","总冰霜伤害总增 15%"
"15% of Armour also applies to Chaos Damage taken from Hits","对击中时受到的混沌伤害施加15%的护甲效果"
"15% reduced Damage taken from Blinded Enemies","承受来自致盲敌人的伤害降低 15%"
"150% increased Effect of Auras from Mines","地雷的光环效果提高 150%"
"2% more Damage for each different type of Mastery you have Allocated","每配置一种不同类型的专精，伤害总增 2%"
"2% of Damage Leeched as Energy Shield","伤害的 2% 转化为能量护盾偷取"
"20% chance to gain a Power Charge on Non-Critical Strike","非暴击时有 20% 的几率获得一个暴击球"
"20% increased Attack Speed while Leeching","生命偷取时攻击速度加快 20%"
"20% less Damage taken from Marked Enemy","受到被标记敌人的伤害总降 20%"
"20% less Damage taken while there are at least two Rare or Unique Enemies nearby","周围至少有两个稀有或传奇敌人时，受到的伤害总降 20%"
"20% more Area of Effect while wielding a Mace or Sceptre","装备锤或短杖时，效果范围总增 20%"
"20% more Critical Strike Chance while wielding a Dagger","装备匕首时，暴击几率总增 20%"
"20% more Damage while there is at most one Rare or Unique Enemy nearby","若周围最多有一个稀有或传奇敌人，你造成的伤害总增 20%"
"20% more Damage with Hits and Ailments against Enemies that are on Low Life while you are wielding an Axe","装备爪类武器时，10% 的偷取立即生效"
"20% more Damage with Hits and Ailments against Unique Enemies","对抗传奇敌人时，击中和异常状态伤害总增 20%"
"20% of Damage from Hits is taken from your Sentinel of Radiance's Life before you","击中伤害的 20% 在你承受之前，由你的光辉哨兵的生命承受"
"20% of Leech is Instant while wielding a Claw","装备爪类武器时，20% 的偷取立即生效"
"20% of Overkill Damage is Leeched as Life","溢出伤害的 20% 转为生命偷取"
"200% increased Charge Duration","能量球的持续时间提高 200%"
"25% chance that if you would gain Endurance Charges, you instead gain up to maximum Endurance Charges","若你可以获得耐力球，则有 25% 的几率直接获得最大数量的耐力球"
"25% chance to gain an Endurance Charge when you Stun an Enemy","当你晕眩 1 个敌人时，有 25% 的几率获得 1 个耐力球"
"25% chance to inflict Withered for 2 seconds on Hit","击中有 25% 的几率施加死亡凋零，持续 2 秒"
"25% chance to Trigger Level 20 Summon Elemental Relic when you or a nearby Ally Kill an Enemy, or Hit a Rare or Unique Enemy","你或周围友军击败敌人时，或击中稀有或传奇敌人时，有 25% 的几率触发 20 级的召唤元素遗物"
"25% less Damage taken from other Enemies near your Marked Enemy","被标记敌人的周围敌人对你造成的伤害总降 25%"
"25% less Mana Cost of Skills","技能的魔力消耗总降 25%"
"25% more Accuracy Rating while wielding a Sword","装备剑类武器时，命中值总增 25%"
"25% more Damage","伤害总增 25%"
"25% more Damage while there is at most one Rare or Unique Enemy nearby","若周围最多有一个稀有或传奇敌人，你造成的伤害总增 25%"
"27% chance to gain 25% of Non-Chaos Damage with Hits as Extra Chaos Damage","有 27% 的几率获得额外混沌伤害，其数值等同于非混沌伤害的 25%"
"3% increased Attack Speed per Fortification above 20","高于 20 层的每层护体令攻击速度加快 3%"
"3% more Armour and Evasion Rating per Fortification above 20","高于 20 层的每层护体令护甲和闪避值总增 3%"
"3% more Damage per Summoned Totem","每个召唤的图腾都使伤害总增 3%"
"3% of Leech is Instant per maximum Power Charge","每个最大暴击球使 3% 的偷取立即生效"
"30% chance to gain a Power Charge on Non-Critical Strike","非暴击时有 30% 的几率获得一个暴击球"
"30% chance to gain an Endurance Charge when you are Hit","被击中时有 30% 的几率获得耐力球"
"30% chance to take 50% less Area Damage from Hits","有 30% 的几率使受到的范围伤害总降 50%"
"30% increased Area of Effect while you have Arcane Surge","拥有秘术增强时效果区域扩大 30%"
"30% increased effect of Non-Curse Auras from your Skills","你技能的非诅咒类光环效果提高 30%"
"30% increased maximum Mana","魔力上限提高 30%"
"30% increased Movement Speed if you have Equipped Boots with no Socketed Gems","若装备的靴子没有镶嵌宝石，移动速度提高 30%"
"30% increased Reservation Efficiency of Skills","技能的保留效能提高 30%"
"30% increased Warcry Buff Effect","战吼的增益效果提高 30%"
"30% less Damage with Triggered Spells","触发的法术的伤害总降 30%"
"30% less Spell Critical Strike Chance","法术暴击几率总降 30%"
"30% more Damage with Hits and Ailments against Enemies that are on Low Life while you are wielding an Axe","装备斧类武器时，对低血敌人造成的击中和异常状态伤害总增 30%"
"30% of Life Leech is Instant","30% 的生命偷取立即生效"
"33% increased Effect of Herald Buffs on you","你身上的捷增益效果提高 33%"
"33% increased Mana Reservation Efficiency of Herald Skills","捷技能的魔力保留效能提高 33%"
"35% increased Effect of Withered","死亡凋零效果提高 35%"
"35% less Damage taken while there are at least two Rare or Unique Enemies nearby","周围至少有两个稀有或传奇敌人时，受到的伤害总降 35%"
"4% increased Attack and Cast Speed for each corpse Consumed Recently, up to a maximum of 200%","近期内每消耗一具灵柩，都使攻击和施法速度加快 4%，最多 200%"
"4% less Damage taken per Gale Force","每个飓风之力都使受到的伤害总降 4%"
"40% increased Life Regeneration rate","生命再生速度提高 40%"
"40% increased Skill Effect Duration","技能效果持续时间延长 40%"
"40% less Damage with Triggered Spells","触发的法术的伤害总降 40%"
"40% more Damage","伤害总增 40%"
"40% of Physical Damage taken Recouped as Life","将受到的物理伤害的 40% 吸纳为生命"
"45% of Chaos Damage taken as Fire Damage","受到混沌伤害的 45% 视作火焰伤害"
"45% of Chaos Damage taken as Lightning Damage","受到混沌伤害的 45% 视作闪电伤害"
"5% increased Area of Effect per Enemy killed recently, up to 50%","若你近期内有击败敌人，则效果区域扩大 5%，最多 50%"
"5% increased Poison Duration for each Poison you have inflicted Recently, up\nto a maximum of 100%","近期内你施加的每层中毒效果都使中毒持续时间延长 5%，最多可延长 100%"
"5% more Accuracy Rating per Frenzy Charge","每个狂怒球使命中值总增 5%"
"50% chance for Energy Shield Recharge to start when you Suppress Spell Damage","你在压制法术伤害时，有50%几率给能量护盾充能"
"50% chance for Flasks you use to not consume Charges","你使用药剂时有 50% 的几率不消耗次数"
"50% chance for used Retaliation Skills to remain Usable and not consume a Cooldown Use","使用的反击技能有 50% 的几率仍可使用，并且不消耗冷却使用次数"
"50% chance that if you would gain Endurance Charges, you instead gain up to maximum Endurance Charges","若你可以获得耐力球，则有 50% 的几率直接获得最大数量的耐力球"
"50% increased Accuracy Rating","命中值提高 50%"
"50% increased Cooldown Recovery Rate","冷却回复速度加快 50%"
"50% increased Effect of Withered","死亡凋零效果提高 50%"
"50% increased Rage Effect","怒火效果提高 50%"
"50% increased Reservation Efficiency of Skills","技能的保留效能提高 50%"
"50% less Life Recovery from Flasks","药剂的生命回复效果总降 50%"
"50% more Elemental Damage while Unbound","不羁期间，元素伤害总增 50%"
"6% increased Area of Effect per Endurance Charge","每个耐力球使效果区域扩大 6%"
"6% increased Area of Effect per Power Charge","每个暴击球使效果区域扩大 6%"
"6% increased Damage per Power Charge","每个暴击球使伤害提高 6%"
"60% increased Area of Effect while you don't have Convergence","你没有汇聚效果时，效果区域扩大 60%"
"66% increased Effect of Herald Buffs on you","你身上的捷增益效果提高 66%"
"66% increased Mana Reservation Efficiency of Herald Skills","捷技能的魔力保留效能提高 66%"
"7% chance to gain 100% of Non-Chaos Damage with Hits as Extra Chaos Damage","有 7% 的几率获得额外混沌伤害，其数值等同于非混沌伤害的 100%"
"75% increased Effect of your Marks","你的印记技能的效果提高 75%"
"8% increased Damage per Endurance Charge","每个耐力球使伤害提高 8%"
"Action Speed cannot be modified to below Base Value","你的行动速度无法被减速至基础以下"
"All Damage can Ignite","所有伤害均可点燃"
"All Damage can Shock","所有伤害均可感电"
"All Damage from Hits can Poison","所有击中伤害都可以造成中毒状态"
"All Damage with Hits can Chill","所有击中的伤害都有冰缓效果"
"Ancestral Fury","先祖狂怒"
"Arcane Blessing","秘术保佑"
"Arcane Surge also grants 20% more Spell Damage to you","秘术增强也会使你的法术伤害总增 20%"
"Arcane Surge also grants 8% more Spell Damage to you","秘术增强也会使你的法术伤害总增 8%"
"Armour from Equipped Body Armour is doubled","装备身体护甲的护甲翻倍"
"Aspect of Carnage","血肉之章"
"Assassination Style","暗杀风格"
"Augury of Penitence","忏悔之兆"
"Auras from your Skills grant 3% increased Attack and Cast\nSpeed to you and Allies","你技能的光环可使你和周围友军的攻击和施法\n速度加快 3%"
"Avatar of the Wilds","荒野化身"
"Avidity","熟稔"
"Bane of Legends","传奇灾星"
"Banner Skills have 100% increased Duration","旗帜技能的持续时间延长 100%"
"Base Critical Strike Chance for Attacks with Weapons is 8%","基础武器暴击率为 8%"
"Base Spell Critical Strike Chance of Spells is equal to that of Main Hand Weapon","法术的基础法术暴击几率等于主手武器的暴击几率"
"Bastion of Elements","元素堡垒"
"Bastion of Hope","希望壁垒"
"Battlemage","战斗法师"
"Bleeding Enemies you Kill Explode, dealing 20% of\ntheir Maximum Life as Physical Damage","击败流血的敌人时产生爆炸，造成等同其 20% 最大生命的物理伤害"
"Bleeding you inflict is Aggravated","你造成的流血为恶性"
"Blind Enemies on Hit","击中后使敌人致盲"
"Bomb Specialist","炸弹专家"
"Bone Barrier","骸骨屏障"
"Born in the Shadows","生在影中"
"Brand Recall has 100% increased Cooldown Recovery Rate","烙印召回冷却回复速度加快 100%"
"Brands have 100% more Activation Frequency if 75% of Attached Duration expired","若附着持续时间耗减了 75%，则烙印激活频率总增 100%"
"Bringer of Ruin","湮灭使者"
"Brutal Fervour","残暴热情"
"Calculated Risk","精算风险"
"Can Allocate Passives from the Duelist's starting point","可以从决斗者的起点配置天赋"
"Can Allocate Passives from the Marauder's starting point","可以从野蛮人的起点配置天赋"
"Can Allocate Passives from the Ranger's starting point","可以从游侠的起点配置天赋"
"Can Allocate Passives from the Shadow's starting point","可以从暗影刺客的起点配置天赋"
"Can Allocate Passives from the Templar's starting point","可以从圣堂武僧的起点配置天赋"
"Can Allocate Passives from the Witch's starting point","可以从女巫的起点配置天赋"
"Cannot be Blinded","免疫致盲"
"Cannot be Chilled","无法被冰缓"
"Cannot be Frozen","无法被冰冻"
"Cannot be Stunned","免疫晕眩"
"Cannot be Stunned while Leeching","生命偷取时免疫晕眩"
"Cannot Be Stunned while you have Energy Shield","你有能量护盾时不能被眩晕"
"Cannot Summon Mirage Archers while near your Mirage Archers","不能在你的幻影弓手周围召唤幻影弓手"
"Cannot take Reflected Elemental Damage","不会承受反射的元素伤害"
"Cannot take Reflected Physical Damage","不会承受反射的物理伤害"
"Chain Reaction","连锁反应"
"Chance to Block Attack or Spell Damage is Lucky if you've Blocked Recently","若近期格挡过，格挡攻击或法术伤害的几率特别幸运"
"Chills from your Hits always reduce Action Speed by at least 10%","你击中造成的冰缓效果总能使行动速度降低至少 10%"
"Coated Blade","涂抹小刀"
"Commander of Darkness","黑暗统御者"
"Consecrated Ground you create applies 15% increased Damage taken to Enemies","你创造的奉献地面可以使敌人受到的伤害提高 15%"
"Consecrated Ground you create applies 8% increased Damage taken to Enemies","你创造的奉献地面可以使敌人受到的伤害提高 8%"
"Consecrated Ground you create causes Life Regeneration to\nalso Recover Energy Shield for you and Allies","你产生的奉献地面使你和友军再生生命的同时回复能量护盾"
"Conviction of Power","力量定罪"
"Corpse Pact","灵柩契约"
"Crave the Slaughter","屠戮之欲"
"Critical Strikes ignore Enemy Monster Elemental Resistances","造成暴击时无视目标的元素抗性"
"Cursed Enemies you or your Minions Kill have a 20% chance to Explode, dealing a quarter of their maximum Life as Chaos Damage","你或你的召唤生物击败的受诅咒敌人有 20% 的几率爆炸，造成等同该敌人最大生命四分之一的混沌伤害"
"Cursed Enemies you or your Minions Kill have a 50% chance to Explode, dealing a quarter of their maximum Life as Chaos Damage","你或你的召唤生物击败的受诅咒敌人有 50% 的几率爆炸，造成等同该敌人最大生命四分之一的混沌伤害"
"Damage cannot be Reflected","伤害无法被反射"
"Damage of Enemies Hitting you is Unlucky","敌人击中你的伤害特别不幸"
"Damage with Hits is Unlucky","击中伤害特别不幸"
"Deal 1% more Damage with Hits and Ailments to Rare and Unique Enemies for each second they've ever been in your Presence, up to a maximum of 100%","稀有和传奇怪物每在场一秒，对其造成的击中和异常状态伤害总增 1%，最多 100%"
"Deal 1% more Damage with Hits and Ailments to Rare and Unique Enemies for every 2 seconds they've ever been in your Presence, up to a maximum of 50%","稀有和传奇怪物每在场 2 秒，对其造成的击中和异常状态伤害总增 1%，最多 50%"
"Deal 10% less Damage","造成的伤害总降 10%"
"Deal up to 15% more Melee Damage to Enemies, based on proximity","基于距离对敌人的总近战伤害最多总增 15%"
"Deathmarked","死亡印记"
"Defences from Equipped Body Armour are doubled if it has no Socketed Gems","若装备的胸甲没有镶嵌宝石，其防御翻倍"
"Defy Pain","苦痛劫掠"
"Demolitions Specialist","爆破天才"
"Detect Evil","追缉邪恶"
"Determined Survivor","坚毅求存"
"Divine Guidance","神圣指引"
"Duelist Ascendancy","决斗者升华职业"
"Effects of Consecrated Ground you create Linger for 4 seconds","你产生的奉献地面效果延续 4 秒"
"Elemental Damage you Deal with Hits is Resisted by lowest Elemental Resistance instead","你的击中造成的元素伤害由最低的抗性来抵抗"
"Endless Hunger","无尽饥饿"
"Endless Munitions","无限弹药"
"Enduring Suffusion","持久弥散"
"Enemies Chilled by your Hits lessen their Damage dealt by half of Chill Effect","被你击中而冰缓的敌人造成的伤害降低，效果相当于冰缓效果的一半"
"Enemies Ignited by you have 40% of Physical Damage they deal converted to Fire","被你点燃的敌人将它们物理伤害的 40% 转化为火焰伤害"
"Enemies near corpses you Spawned Recently are Chilled and Shocked","敌人若位于你近期所生成的灵柩周围，则使其受到冰缓和感电"
"Enemies Taunted by you cannot Evade Attacks","被你嘲讽的敌人无法闪避攻击"
"Enemies Taunted by you take 15% increased Damage","被你嘲讽的敌人受到的伤害提高 15%"
"Enemies you Freeze remain Frozen for at least 2 seconds","被你冻结的敌人至少维持冻结状态 2 秒"
"Enemies you or your Totems Kill have 10% chance to Explode, dealing 250% of their maximum Life as Fire Damage","被你或你的图腾击败的敌人有 10% 的几率爆炸，造成其生命上限 250% 的火焰伤害"
"Energy Shield Leech effects are not removed when Energy Shield is Filled","能量护盾充满时，能量护盾偷取效果不会被移除"
"Escape Artist","逃脱艺术"
"Essence Glutton","精华吞噬"
"Every 10 seconds:\nTake 50% less Damage from Hits for 5 seconds\nTake 50% less Damage over Time for 5 seconds","每10秒：\n受到的击中伤害总降 50% ，持续 5 秒\n5 秒后受到的持续伤害总降 50% ，持续5秒"
"Every 4 seconds, 50% chance to Freeze nearby Non-Frozen Enemies for 0.4 seconds","每隔 4 秒，有 50% 的几率使周围未冻结的敌人冻结 0.4 秒"
"Every 4 seconds, Regenerate 100% of Life over one second","每隔 4 秒便在一秒内再生 100% 生命"
"Every 4 seconds, remove Curses and Ailments from you","每 4 秒移除你身上的诅咒和异常状态"
"Every Rage also grants 1% increased Attack Speed","每一点怒火还会使攻击速度加快 1%"
"Every second, inflict Withered on nearby Enemies for 15 seconds","每秒对周围敌人造成死亡凋零，持续 15 秒"
"Experienced Herbalist","资深草药师"
"Exposure you inflict applies an extra -25% to the affected Resistance","你施加的曝露效果会使受影响的抗性额外 -25%"
"Far Shot","狙击"
"Fatal Flourish","致命绽放"
"Final Repeat of Attack Skills deals 60% more Damage","攻击技能的最后一次重复造成的伤害总增 60%"
"First to Strike, Last to Fall","嗜战如命"
"Flasks gain 3 Charges every 3 seconds","药剂每 3 秒获得 3 次充能"
"Focal Point","聚焦点"
"For each nearby corpse, you and nearby Allies deal 1% more Damage, up to a maximum of 10%","周围每个灵柩使你和周围友军造成的伤害总增 1%，最多 10%"
"For each nearby corpse, you and nearby Allies Regenerate 0.2% of Energy Shield per second, up to 2.0% per second","周围每个灵柩使你和周围友军每秒再生 0.2% 能量护盾，每秒最多 2.0%"
"For each nearby corpse, you and nearby Allies Regenerate 5 Mana\nper second, up to 50 per second","周围每个灵柩使你和周围友军每秒再生 5 魔力，每秒最多 50"
"Forbidden Power","禁忌力量"
"Fortitude","坚毅"
"Frigid Wake","彻骨之径"
"Fury of Nature","自然之怒"
"Gain 1 Fanatic Charge every second if you've Attacked in the past second","抵达狂热球数量上限时，获得 5 秒欣喜若狂效果"
"Gain 1 Gale Force when you use a Skill\n10% increased Effect of Tailwind on you per Gale Force","你使用技能时获得 1 个飓风之力\n每个飓风之力使你身上的提速尾流效果提高 10%"
"Gain 1 Unbound Fury when you inflict an Elemental Ailment with a Hit on an Enemy, no more than once every 0.2 seconds for each type of Ailment\nCannot gain Unbound Fury while Unbound","击中对敌人造成元素异常状态时，获得 1 点不羁狂怒，每种异常状态类型每 0.2 秒只能触发一次\n不羁期间无法获得不羁狂怒"
"Gain 10% increased Attack Speed for 20 seconds when you Kill a Rare or Unique Enemy","击败稀有或者传奇敌人使攻击速度加快 10%，持续 20 秒"
"Gain 10% increased Movement Speed for 20 seconds when you Kill an Enemy","击败敌人使移动速度加快 10%，持续 20 秒"
"Gain 10% of Physical Damage as Extra Lightning Damage for each of your Hallowing Flames that have been removed by an allied hit recently, up to 80%","近期内你施加的崇敬烈焰每被友方击中移除 1 层，\n便获得等同于物理伤害 10% 的额外闪电伤害，最多 80%"
"Gain 20% of Maximum Mana as Extra Maximum Energy Shield","获得等同 20% 魔力的额外能量护盾"
"Gain 3% of Missing Unreserved Life before being Hit by an Enemy Per Defiance","每层抗争使你在被敌人击中前获得已损失未保留生命的 3%"
"Gain 40% Chance to Block from Equipped Shield instead of the Shield's value","装备盾牌的格挡几率为 40%，不使用盾牌的数值"
"Gain 50% Chance to Block from Equipped Shield instead of the Shield's value","装备盾牌的格挡几率为 50%，不使用盾牌的数值"
"Gain a Frenzy Charge every 3 seconds while Moving","移动时每 3 秒获得一个狂怒球"
"Gain a Power Charge after Spending a total of 200 Mana","暴击球数量上限 +1"
"Gain a random Shrine buff every 10 seconds","每 10 秒获得一个随机神龛增益"
"Gain Accuracy Rating equal to twice your Strength","获得等同于力量 2 倍的命中值"
"Gain Adrenaline for 20 seconds when you reach Low Life","在你处于濒死状态时获得肾上腺素20秒"
"Gain Arcane Surge after Spending a total of 200 Mana","总共消耗 200 点魔力后获得秘术增强"
"Gain Arcane Surge when you or your Totems Hit an Enemy with a Spell","当你或你的图腾使用法术击中 1 名敌人，便获得秘术增强效果"
"Gain Convergence when you Hit a Unique Enemy, no more than once every 8 seconds","你击中传奇敌人时获得汇聚效果，每 8 秒触发一次"
"Gain Defiance for 10 seconds on losing Life to an Enemy Hit, no\nmore than once every 0.3 seconds","敌方的击中导致你失去生命时，获得 10 秒抗争效果，每 0.3 秒发生一次"
"Gain Elusive on Critical Strike","暴击获得灵巧"
"Gain Fanaticism for 5 seconds on reaching Maximum Fanatic Charges","若你上一秒发动过攻击，则每秒获得 1 个狂热球"
"Gain Spirit Infusion every 0.5 seconds while Channelling a Spell","引导法术时每 0.5 秒获得灵魂灌注"
"Gathering Winds","聚风"
"Gore Dancer","伤痕舞者"
"Grant bonuses to Non-Channelling Skills you use by consuming 3 Charges from a Flask of\neach of the following types, if possible:","从以下可用类型的药剂中各\n消耗 3 充能次数，为非吟唱技能提供加成："
"Grants 2 Passive Skill Points","赋予 2 天赋点数"
"Grants Armour equal to 25% of your Reserved Mana to you and nearby Allies","给予你和周围友军相当于你 25% 保留魔力的护甲"
"Grants Level 20 Barkskin Skill","获得 20 级树皮御体技能"
"Grants Level 20 Summon Sentinel of Radiance Skill","获得 20 级的主动技能召唤光辉哨兵"
"Grants Level 20 Unbound Avatar Skill","获得 20 级不羁化身技能"
"Grants maximum Energy Shield equal to 10% of your Reserved Mana to\nyou and nearby Allies","给予你和周围友军等同你 10% 魔力保留的额外能量护盾"
"Gratuitous Violence","免费力量"
"Harmony of Purpose","和谐之源"
"Harness the Void","虚空掌控"
"Having a placed Banner does not prevent you gaining Valour","放置旗帜不会阻止你获得胆魄"
"Headsman","刽子手"
"Heart of Destruction","毁灭之心"
"Heartstopper","凝心者"
"Hinekora, Death's Fury","死之狂怒.辛格拉"
"Hits always Ignite","你的击中始终具有点燃效果"
"Hits always Shock","你的击中始终具有感电效果"
"Hits have 30% chance to deal 50% more Area Damage","击中有 30% 的几率造成总增 50% 的范围伤害"
"Hits that fail to Freeze due to insufficient Freeze Duration inflict Hoarfrost","冻结时间不足而未能造成冻结的击中会造成白霜"
"Hits that would Ignite instead Scorch","击中造成的点燃改为造成烧灼"
"If Amethyst Flask Charges are consumed, 37% of Physical Damage as Extra Chaos Damage","如果消耗紫晶药剂充能次数，造成相当于物理伤害 37% 的额外混沌伤害"
"If Bismuth Flask Charges are consumed, Penetrate 25% Elemental Resistances","如果消耗灰岩药剂充能次数，穿透 25% 的元素抗性"
"If Diamond Flask Charges are consumed, 250% increased Critical Strike Chance","如果消耗宝钻药剂充能次数，暴击几率提高 250%"
"If you've Attacked Recently, you and nearby Allies have +15% Chance to Block Attack Damage","若你近期内有进行攻击，你和周围友军攻击伤害格挡几率 +15%"
"If you've Attacked Recently, you and nearby Allies have +25% Chance to Block Attack Damage","若你近期内有进行攻击，你和周围友军攻击伤害格挡几率 +25%"
"If you've Cast a Spell Recently, you and nearby Allies have +15% Chance to Block Spell Damage","若你近期内有释放法术，你和周围友军法术伤害格挡几率 +15%"
"If you've Cast a Spell Recently, you and nearby Allies have +25% Chance to Block Spell Damage","若你近期内有释放法术，你和周围友军法术伤害格挡几率 +25%"
"If you've Consumed a corpse Recently, you and your Minions have 30% increased Area of Effect","若你近期内有吞噬 1 个灵柩，你和你的召唤生物的效果区域提高 30%"
"If you've Impaled an Enemy Recently, you\nand nearby Allies have +1000 to Armour","若你近期内穿刺过敌人，你和周围友军获得护甲 +1000"
"Illuminated Devotion","无上奉献"
"Immune to Ignite and Shock","免疫点燃和感电"
"Impact","影响"
"Impale Damage dealt to Enemies Impaled by you ignores Enemy Physical Damage Reduction","对被你穿刺的敌人造成的穿刺伤害忽略敌人的物理伤害减免"
"Indomitable Resolve","不屈坚毅"
"Inevitable Judgement","命运审判"
"Inflict Hallowing Flame on Melee Hit","近战击中时施加崇敬烈焰"
"Infused Toxins","灌注毒素"
"Inherent Bonuses from Dual Wielding are doubled","双持的固有加成翻倍"
"Inherent Rage Loss starts 2 seconds later","固有的怒火损失延迟 2 秒开始"
"Inspirational","启发"
"Instruments of Justice","公正之仪"
"Instruments of Virtue","美德之器"
"Instruments of Zeal","狂热之器"
"Intensifying Suffusion","增幅弥散"
"Jagged Technique","锯刃战技"
"Kill Enemies that have 20% or lower Life when Hit by your Skills","血量低于 20% 的敌人被你的技能击中时，会直接被终结"
"Lesson of the Seasons","四季之训"
"Liege of the Primordial","原始之君"
"Life Flask Effects are not removed when Unreserved Life is Filled\nLife Flask Effects do not Queue","未保留的生命全满时不移除生命药剂效果\n生命药剂效果不能堆叠"
"Life Leech effects are not removed when Unreserved Life is Filled","未保留的生命全满时不会移除生命偷取效果"
"Like Clockwork","发条狂人"
"Lose 0.1% of Life per second per Rage while you are not losing Rage","不损失怒火时，每一点怒火就会每秒失去 0.1% 生命"
"Lose 1 Bark when Hit by Enemy Spell Damage","受到敌人的法术击中伤害时失去 1 层树皮御体"
"Lose all Defiance when you reach 10 Defiance","抗争达到 10 层时失去所有抗争"
"Lose all Fanatic Charges on reaching Maximum Fanatic Charges","抵达狂热球数量上限时失去所有狂热球"
"Lose all Gale Force when Hit","被击中时失去所有飓风之力"
"Magic Utility Flasks applied to you have 20% increased Effect","对你施用的魔法功能药剂效果提高 20%"
"Magic Utility Flasks applied to you have 30% increased Effect","对你施用的魔法功能药剂效果提高 30%"
"Marauder Ascendancy","野蛮人升华职业"
"Mark Skills Cost no Mana","咒印技能不消耗魔力"
"Marshal of Divinity","神性统帅"
"Master Alchemist","炼金术大师"
"Master Distiller","蒸馏大师"
"Master of Metal","钢铁大师"
"Master Surgeon","手术大师"
"Master Toxicist","制毒宗师"
"Masterful Form","大师之形"
"Mastermind of Discord","混沌天才"
"Maximum Effect of Shock is 2% increased Damage taken","最大感电效果使受到的伤害提高 2%"
"Maximum Energy Shield is increased by Chance to Block Spell Damage","法术伤害格挡几率提高能量护盾上限"
"Measured Retaliation","慎重回敬"
"Mindless Aggression","盲目挑衅"
"Mines Hinder Enemies near them for 2 seconds when they Land","地雷落地时使周围敌人缓速 2 秒"
"Minions deal 10% more Damage","召唤生物造成的伤害总增 10%"
"Minions deal 8% more Damage","召唤生物造成的伤害总增 8%"
"Minions gain 40% of Maximum Life as Extra Maximum Energy Shield","召唤生物获得等同 40% 最大生命的额外能量护盾"
"Minions have 10% more Maximum Life","召唤生物的最大生命总值总增 10%"
"Minions have 20% more Maximum Life","召唤生物的最大生命总值总增 20%"
"Minions have Unholy Might","召唤生物拥有不洁之力"
"Mirage Archers are not attached to you","幻影弓手不会跟随于你"
"Mistress of Sacrifice","奉献女魔"
"Mistwalker","迷雾行者"
"Modifiers to Fire Resistance also apply to Cold and Lightning Resistances at 50% of their Value","火焰抗性修正的 50% 也作用于冰霜和闪电抗性"
"Modifiers to Maximum Fire Resistance also apply to Maximum Cold and Lightning Resistances","火焰抗性上限修正也作用于冰霜和闪电抗性上限"
"More Than Skill","天眷英豪"
"Mother's Teachings","母亲的教诲"
"Movement Speed cannot be modified to below Base Value","你的移动速度加成不会让你减速至基础速度以下"
"Mystical Infusion","神秘注入"
"Nature's Adrenaline","大自然的肾上腺素"
"Nature's Boon","自然的恩赐"
"Nature's Concoction","自然灵药"
"Nature's Reprisal","大自然的复仇"
"Nearby Allies count as having Fortification equal to yours","周围友军视作拥有与你相等的护体"
"Nearby Chilled Enemies deal 10% reduced Damage with Hits","周围被冰缓敌人打出的击中伤害降低 10%"
"Nearby Enemies are Blinded","周围敌人被致盲"
"Nearby Enemies are Chilled","周围敌人被冰缓"
"Nearby Enemies are Chilled and Shocked while you are near a corpse","当你的周围有灵柩时，周围敌人获得冰缓和感电"
"Nearby Enemies deal 8% less Elemental Damage","周围敌人造成的元素伤害总降 8%"
"Nearby Enemies have -20% to Chaos Resistance","周围敌人获得 -20% 混沌抗性"
"Nearby Enemies have -20% to Cold Resistance","周围敌人获得 -20% 冰霜抗性"
"Nearby Enemies have -30% to Critical Strike Multiplier","周围敌人的暴击伤害加成 -30%"
"Nearby Enemies have 10% reduced Cooldown Recovery Rate","附近敌人的冷却回复率降低 10%"
"Nearby Enemies have 100% reduced Life Regeneration rate","周围敌人的生命再生速度降低 100%"
"Nearby Enemies take 16% increased Elemental Damage","周围敌人受到的元素伤害提高 16%"
"Nearby Enemy Monsters have no Fire Resistance against\nDamage over Time while you are Stationary","静止时周围敌方怪物\n对持续伤害没有火焰抗性"
"Nearby Enemy Monsters' Action Speed is at most 90% of base value","附近敌方怪物的行动速度最多达到基础值的90%"
"Nearby Enemy Monsters' Fire Resistance against\nDamage over Time is -20% while you are Stationary","静止时周围敌方怪物\n对持续伤害的火焰抗性为 -20%"
"Nearby Hindered Enemies deal 15% reduced Damage over Time","周围被干扰的敌人的持续伤害降低 15%"
"Ngamahu, Flame's Advance","火徒.努葛玛呼"
"Nine Lives","九条命"
"Non-Critical Strikes Penetrate 10% of Enemy Elemental Resistances","非暴击伤害穿透敌人 10% 的元素抗性"
"Non-Damaging Ailments have 50% reduced Effect on you while you have Arcane Surge","你有秘术增强效果时，你身上的非伤害型异常状态效果降低 50%"
"Non-Damaging Elemental Ailments you inflict have 100% more Effect","你造成的非伤害性元素异常状态的效果总增 100%"
"Non-Unique Jewels cause Increases and Reductions to other Damage Types in a Large Radius to be Transformed to apply to Fire Damage","非传奇珠宝使大范围内其他伤害类型的提高和降低转换为作用于火焰伤害"
"Non-Unique Jewels cause Small and Notable Passive Skills in a Large Radius to\nalso grant +4 to Strength","非传奇珠宝使大范围内的小型和核心天赋\n同时提供 +4 力量"
"Oath of Spring","春日誓言"
"Oath of Summer","炎夏誓言"
"Oath of the Maji","众神之誓"
"Oath of Winter","凛冬誓言"
"Occupying Force","占领军"
"One Step Ahead","快人一步"
"Opportunistic","暗影"
"Other Aegis Skills are Disabled","禁用其它护盾技能"
"Overwhelm","镇压"
"Path of the Duelist","决斗者之道"
"Path of the Marauder","野蛮人之道"
"Path of the Ranger","游侠之道"
"Path of the Shadow","暗影之道"
"Path of the Templar","圣堂武僧之道"
"Path of the Witch","女巫之道"
"Perfect Crime","完美犯罪"
"Pious Path","廉简之途"
"Plaguebringer","疫病之源"
"Poison you inflict with Critical Strikes deals 20% more Damage","你暴击造成的中毒伤害总增 20%"
"Poisons you inflict during any Flask Effect have 20% chance to deal 100% more Damage","在药剂生效期间，你造成的中毒效果有 20% 的几率伤害总增 100%"
"Polymath","博学者"
"Prevent +15% of Suppressed Spell Damage while on Full Energy Shield","能量护盾全满状态下防止+15%的被压制法术伤害"
"Prevent +3% of Suppressed Spell Damage per Bark below maximum","低于上限的每层树皮御体使被压制的法术伤害阻挡量 +3%"
"Profane Bloom","秽言亡语"
"Projectile Barrages have no spread","投射物弹幕攻击不会扩散"
"Projectiles are fired in random directions","投射物朝随机方向发射"
"Projectiles gain Damage as they travel farther, dealing up\nto 30% more Damage with Hits and Ailments","投射物的伤害随穿越的距离而提高，\n造成的击中和异常状态伤害最多提高 30%"
"Projectiles have 30% chance to be able to Chain when colliding with terrain","投射物击中地形有 30% 的几率产生连锁效果"
"Projectiles have 50% chance to Return to you","投射物有 50% 的几率返回你身边"
"Pursuit of Faith","信念之诉"
"Pyromaniac","焚烧"
"Radiant Crusade","光芒圣战军"
"Radiant Faith","信念之辉"
"Ramako, Sun's Light","雷默科，太阳之光"
"Ranger Ascendancy","游侠升华职业"
"Rare and Unique Enemies within 120 metres have Minimap Icons","120 米内的稀有和传奇敌人显示小地图标记"
"Recoup Effects instead occur over 3 seconds","回收效果改为在3秒内生效"
"Recover 0.5% of Life per Poison affecting Enemies you Kill","你击败的敌人身上每层中毒效果，使你回复 0.5% 生命"
"Recover 1% of Energy Shield on Kill for each different type of Mastery you have Allocated","每配置一种不同类型的专精，击败敌人回复 1% 能量护盾"
"Recover 1% of Life on Kill for each different type of Mastery you have Allocated","每配置一种不同类型的专精，击败敌人回复 1% 生命"
"Recover 1% of Mana on Kill for each different type of Mastery you have Allocated","每配置一种不同类型的专精，击败敌人回复 1% 魔力"
"Recover 25% of Life when you gain Adrenaline","当你获得肾上腺素时回复 25% 生命"
"Regenerate 0.5% of Mana per second for each Summoned Totem","每个召唤的图腾使你每秒再生 0.5% 魔力"
"Regenerate 1% of Life per second for each Mine Detonated Recently, up to 10% per second","近期每个引爆的地雷使你每秒再生 1% 生命，最多 10%"
"Regenerate 1% of Life per Second for each Trap Triggered Recently, up to 10% per second","近期每个触发的陷阱使你每秒再生 1% 生命，最多 10%"
"Regenerate 1% of Mana per second","魔力每秒再生 1%"
"Regenerate 1% of Mana per second if you've inflicted Exposure Recently","近期造成曝露使你每秒再生 1% 魔力"
"Regenerate 100 Energy Shield per second","每秒再生 100 能量护盾"
"Regenerate 2% of Life per second for each Mine Detonated Recently, up to 10% per second","近期每个引爆的地雷使你每秒再生 2% 生命，最多 10%"
"Regenerate 2% of Life per Second for each Trap Triggered Recently, up to 10% per second","近期每个触发的陷阱使你每秒再生 2% 生命，最多 10%"
"Regenerate 4% of Mana over 2 seconds when you Consume a corpse","每消耗一个灵柩使你在 2 秒内再生 4% 魔力"
"Regenerate 8% of Energy Shield over 2 seconds when you Consume a corpse","每消耗一个灵柩使你在 2 秒内再生 8% 能量护盾"
"Remove all Ailments and Burning when you gain Adrenaline","你获得肾上腺素时移除所有异常状态和燃烧状态"
"Removes Elemental Ailments when you use a Flask","药剂持续期间，驱散元素异常状态"
"Retaliation Skills become Usable for an additional 2 seconds","反击技能的可使用时间额外延长 2 秒"
"Ricochet","弹射"
"Righteous Providence","正义之庭"
"Rite of Ruin","毁灭仪式"
"Ritual of Awakening","升华仪式"
"Sanctuary","至圣所"
"Sanctuary of Thought","意识圣殿"
"Searing Purity","炽热净化"
"Seasoned Hunter","资深猎手"
"Shadow Ascendancy","暗影升华职业"
"Shadowed Blood","暗影之血"
"Shaper of Flames","火焰塑形"
"Shaper of Storms","风暴塑形"
"Shaper of Winter","寒冬塑形"
"Shocks from your Hits always increase Damage taken by at least 10%","你击中造成的感电效果始终使受到的伤害提高至少 10%"
"Shocks from your Hits always increase Damage taken by at least 25%","你击中造成的感电效果始终使受到的伤害提高至少 25%"
"Shrapnel Specialist","破片专家"
"Sign of Purpose","目的标识"
"Sione, Sun's Roar","西奥妮，太阳之啸"
"Skills Chain +1 times","技能可以连锁弹射 +1 次"
"Skills fire 2 additional Projectiles","技能会发射 2 枚额外投射物"
"Skills from Equipped Body Armour are Supported by Level 1 Fist of War","装备身体护甲的技能受 1 级的战争铁拳辅助"
"Skills from Equipped Body Armour are Supported by Level 20 Ancestral Call","装备身体护甲的技能受 20 级先祖召唤辅助"
"Skills from Equipped Body Armour are Supported by Level 20 Fist of War","装备身体护甲的技能受 20 级的战争铁拳辅助"
"Skills from Equipped Body Armour are Supported by Level 30 Ancestral Call","装备身体护甲的技能受 30 级先祖召唤辅助"
"Skills used by Traps have 50% increased Area of Effect","陷阱所使用的技能范围扩大 50%"
"Soul Drinker","灵魂饮者"
"Spell Critical Strike Chance Bifurcates","法术暴击几率分岔"
"Spellbreaker","破魔者"
"Strike Skills also target the previous location they were used","打击技能同时将其之前攻击的地点设为目标"
"Summoned Golems are Immune to Elemental Damage","召唤的魔像免疫元素伤害"
"Summoned Golems are Resummoned 4 seconds after being Killed","召唤的魔像被击败 4 秒后会被重新召唤"
"Swift Killer","敏捷克星"
"Take 25% less Damage","受到的伤害总降 25%"
"Tasalio, Cleansing Water","塔赛里奥，纯净之水"
"Taunt on Hit","击中时嘲讽敌人"
"Templar Ascendancy","圣堂武僧升华职业"
"Time of Need","紧急时刻"
"Tincture Effects also apply to Ranged Weapons","酊剂效果也能对远程武器生效"
"Tincture Effects Linger on you for 0.5 seconds per Mana Burn on you when the Tincture was deactivated, up to a maximum of 6 seconds","酊剂失效后，每层魔力燃烧使其效果在你身上持续 0.5 秒，最多 6 秒"
"Tinctures applied to you have 30% less Mana Burn rate","对你生效的酊剂的魔力燃烧速度总降 30%"
"Tinctures applied to you have 75% increased Effect per empty Flask Slot","每个空的药水栏位使对你生效的酊剂效果提高 75%"
"Toxic Delivery","毒物私运"
"Transfiguration of Mind","心灵幻化"
"Trigger Level 30 Assassin's Mark on Attack Critical Strike against\na Rare or Unique Enemy and you have no Mark","当你没有咒印且对稀有或传奇敌人造成攻击暴击时\n触发 30 级刺客印记"
"Triggers Level 20 Primal Aegis when Allocated\nPrimal Aegis can take 75 Elemental Damage per Allocated Notable Passive Skill","配置时触发 20 级原能护盾\n每个配置的核心天赋都使原能护盾可以承受 75 点元素伤害"
"Triggers Level 20 Summon Triggerbots when Allocated","分配时触发 20 级召唤触发机器人"
"Tukohama, War's Herald","战争使者.图克哈玛"
"Unaffected by Damaging Ailments","不受伤害异常状态影响"
"Unaffected by Ignite","不受点燃影响"
"Unbreakable","坚不可破"
"Undeniable","不可置疑"
"Unflinching","永不动摇"
"Unhallowed Rite","恶毒牢房"
"Unholy Authority","邪恶君王"
"Unnatural Strength","亵渎之力"
"Unrelenting","灭无赦"
"Unstable Infusion","不稳定化身"
"Unstoppable","势不可挡"
"Unstoppable Hero","不败英雄"
"Untiring","不知疲倦"
"Unwavering Crusade","坚毅圣战军"
"Unwavering Faith","不动信念"
"Unyielding","屹立不摇"
"Valako, Storm's Embrace","瓦拉克，风暴之拥"
"Vile Bastion","残劣壁垒"
"Void Beacon","虚无之塔"
"War Bringer","战争使者"
"War of Attrition","持久鏖战"
"Warcries Exert twice as many Attacks","战吼增助的攻击次数翻倍"
"Warcries have infinite Power","战吼的威力值无限"
"Weapon Master","武器大师"
"When you kill a Poisoned Enemy during any Flask Effect, Enemies within 1.5 metres are Poisoned","在任意药剂生效期间击杀中毒的敌人时，1.5 米内的敌人陷入中毒"
"When you leave your Banner's Area, recover 30% of the Valour consumed for that Banner","当你离开自己的旗帜范围时，恢复该旗帜消耗胆魄的 30%"
"When your Traps Trigger, your nearby Traps also Trigger","当你的陷阱触发时，你周围的陷阱也跟着触发"
"Wildwood Blessing","荒林祝福"
"Wind Ward","风之结界"
"Witch Ascendancy","女巫升华职业"
"With at least one nearby corpse, nearby Enemies deal 10% reduced Damage","当周围有至少 1 个灵柩，周围敌人的伤害降低 10%"
"With at least one nearby corpse, you and nearby Allies deal 10% more Damage","当周围有至少 1 个灵柩，你与周围友军的伤害总增 10%"
"Withering Presence","凋零姿态"
"Worthy Causes","可敬的大业"
"Worthy Foe","可敬的对手"
"You and Allies near your Banner Regenerate 0.1% of Life per second for each Valour consumed for that Banner","旗帜每消耗一点胆魄，你和旗帜周围的友军每秒再生 0.1% 的生命"
"You and nearby Allies deal 30% increased Damage","你和周围友军的伤害提高 30%"
"You and nearby Allies deal 6 to 12 added Physical Damage for\neach Impale on Enemy","敌人身上每有一个穿刺效果，你和周围友军的攻击便额外造成 6 - 12 附加物理伤害"
"You and nearby Allies have +20% to Elemental Resistances","你和周围友军的元素抗性 +20%"
"You and nearby Allies have +30% to Elemental Resistances","你和周围友军的元素抗性 +30%"
"You and nearby Allies have Tailwind","你和周围友军具有提速尾流效果"
"You and your Totems Regenerate 1% of Life per second for each Summoned Totem","每个召唤的图腾使你和你的图腾每秒再生 1% 生命"
"You are Unaffected by Bleeding while Leeching","偷取时不受流血影响"
"You can apply an additional Curse","你能施加一个额外诅咒"
"You can apply up to 50 Shocks to each Enemy","你可以对每个敌人施加最多 50 次感电"
"You can have an additional Tincture active","你可以额外激活一种酊剂"
"You can inflict an additional Scorch on each Enemy","你可以对敌人额外施加一层烧灼"
"You have 15 Fortification","你有 15 层护体"
"You have Consecrated Ground around you while stationary","站定时，脚下产生奉献地面"
"You have your maximum Fortification","你具有最大护体层数"
"You take no Extra Damage from Critical Strikes while Elusive","灵巧效果下，不会受到暴击造成的额外伤害"
"Your Action Speed is at least 90% of base value","你的行动速度至少是基础值的90%"
"Your Chills can reduce Action Speed by up to a maximum of 40%","你的冰缓效果可以降低行动速度，最多降低 40%"
"Your Critical Strike Chance is Lucky","幸运的暴击率"
"Your Hexes can affect Hexproof Enemies","你的魔蛊可以影响无咒的敌人"
"Your Hits against Marked Enemy cannot be Blocked or Suppressed","你对被标记敌人的击中无法被格挡或压制"
"Your Hits always inflict Freeze, Shock and Ignite while Unbound","不羁期间，你的击中始终造成冻结、感电和点燃"
"Your Hits permanently Intimidate Enemies that are on Full Life","击中满血敌人时，将使他们永久受到威吓"
"Your Mark Transfers to another Enemy when Marked Enemy dies","被标记的敌人被击败后，你的印记转移给另一个敌人"
"Your Maximum Endurance Charges is equal to your Maximum Frenzy Charges","你的耐力球数量上限等于你的狂怒球数量上限"
"Your Offering Skills also affect you","你的奉献技能会同时影响你"
"Your Offerings have 50% reduced Effect on you","你的奉献技能对自身的效果降低 50%"
